url: https://www.hazipatika.com/taplalkozas/zoldseg_gyumolcs/cikkek/az_alma_jotekony_hatasai; time in miliseconds: 296; status: Ok
url: asd; time in miliseconds: 0; status: Error
url: https://almapatika.hu/akcios-termekek; time in miliseconds: 315; status: Ok
url: https://www.hazipatika.com/taplalkozas/zoldseg_gyumolcs/cikkek/az_alma_jotekony_hatasai; time in miliseconds: 86; status: Ok
url: asd; time in miliseconds: 0; status: Error
url: https://almapatika.hu/akcios-termekek; time in miliseconds: 242; status: Ok
url: https://www.hazipatika.com/taplalkozas/zoldseg_gyumolcs/cikkek/az_alma_jotekony_hatasai; time in miliseconds: 73; status: Ok
url: asd; time in miliseconds: 0; status: Error
url: https://almapatika.hu/akcios-termekek; time in miliseconds: 249; status: Ok
url: https://www.hazipatika.com/taplalkozas/zoldseg_gyumolcs/cikkek/az_alma_jotekony_hatasai; time in miliseconds: 93; status: Ok
url: asd; time in miliseconds: 0; status: Error
url: https://almapatika.hu/akcios-termekek; time in miliseconds: 238; status: Ok
url: https://www.hazipatika.com/taplalkozas/zoldseg_gyumolcs/cikkek/az_alma_jotekony_hatasai; time in miliseconds: 72; status: Ok
url: asd; time in miliseconds: 0; status: Error
url: https://almapatika.hu/akcios-termekek; time in miliseconds: 172; status: Ok
url: https://www.hazipatika.com/taplalkozas/zoldseg_gyumolcs/cikkek/az_alma_jotekony_hatasai; time in miliseconds: 75; status: Ok
url: asd; time in miliseconds: 0; status: Error
url: https://almapatika.hu/akcios-termekek; time in miliseconds: 262; status: Ok
url: https://www.hazipatika.com/taplalkozas/zoldseg_gyumolcs/cikkek/az_alma_jotekony_hatasai; time in miliseconds: 81; status: Ok
url: asd; time in miliseconds: 0; status: Error
url: https://almapatika.hu/akcios-termekek; time in miliseconds: 212; status: Ok
url: https://www.hazipatika.com/taplalkozas/zoldseg_gyumolcs/cikkek/az_alma_jotekony_hatasai; time in miliseconds: 285; status: Ok
url: asd; time in miliseconds: 0; status: Error
url: https://almapatika.hu/akcios-termekek; time in miliseconds: 273; status: Ok
url: https://www.hazipatika.com/taplalkozas/zoldseg_gyumolcs/cikkek/az_alma_jotekony_hatasai; time in miliseconds: 65; status: Ok
url: asd; time in miliseconds: 0; status: Error
url: https://almapatika.hu/akcios-termekek; time in miliseconds: 250; status: Ok
url: https://www.hazipatika.com/taplalkozas/zoldseg_gyumolcs/cikkek/az_alma_jotekony_hatasai; time in miliseconds: 74; status: Ok
url: asd; time in miliseconds: 0; status: Error
url: https://almapatika.hu/akcios-termekek; time in miliseconds: 323; status: Ok
url: https://www.hazipatika.com/taplalkozas/zoldseg_gyumolcs/cikkek/az_alma_jotekony_hatasai; time in miliseconds: 79; status: Ok
url: asd; time in miliseconds: 0; status: Error
url: https://almapatika.hu/akcios-termekek; time in miliseconds: 419; status: Ok
url: https://www.hazipatika.com/taplalkozas/zoldseg_gyumolcs/cikkek/az_alma_jotekony_hatasai; time in miliseconds: 85; status: Ok
url: asd; time in miliseconds: 0; status: Error
url: https://almapatika.hu/akcios-termekek; time in miliseconds: 291; status: Ok
url: https://www.hazipatika.com/taplalkozas/zoldseg_gyumolcs/cikkek/az_alma_jotekony_hatasai; time in miliseconds: 83; status: Ok
url: asd; time in miliseconds: 0; status: Error
url: https://almapatika.hu/akcios-termekek; time in miliseconds: 212; status: Ok
url: https://www.hazipatika.com/taplalkozas/zoldseg_gyumolcs/cikkek/az_alma_jotekony_hatasai; time in miliseconds: 77; status: Ok
url: asd; time in miliseconds: 0; status: Error
url: https://www.hazipatika.com/taplalkozas/zoldseg_gyumolcs/cikkek/az_alma_jotekony_hatasai; time in miliseconds: 278; status: Ok
url: asd; time in miliseconds: 0; status: Error
url: https://almapatika.hu/akcios-termekek; time in miliseconds: 260; status: Ok
url: https://www.hazipatika.com/taplalkozas/zoldseg_gyumolcs/cikkek/az_alma_jotekony_hatasai; time in miliseconds: 299; status: Ok
url: asd; time in miliseconds: 0; status: Error
url: https://almapatika.hu/akcios-termekek; time in miliseconds: 223; status: Ok
url: https://www.hazipatika.com/taplalkozas/zoldseg_gyumolcs/cikkek/az_alma_jotekony_hatasai; time in miliseconds: 89; status: Ok
url: asd; time in miliseconds: 0; status: Error
url: https://almapatika.hu/akcios-termekek; time in miliseconds: 195; status: Ok
url: https://www.hazipatika.com/taplalkozas/zoldseg_gyumolcs/cikkek/az_alma_jotekony_hatasai; time in miliseconds: 67; status: Ok
url: asd; time in miliseconds: 0; status: Error
url: https://almapatika.hu/akcios-termekek; time in miliseconds: 243; status: Ok
url: https://www.hazipatika.com/taplalkozas/zoldseg_gyumolcs/cikkek/az_alma_jotekony_hatasai; time in miliseconds: 52; status: Ok
url: asd; time in miliseconds: 0; status: Error
url: https://almapatika.hu/akcios-termekek; time in miliseconds: 207; status: Ok
url: https://www.hazipatika.com/taplalkozas/zoldseg_gyumolcs/cikkek/az_alma_jotekony_hatasai; time in miliseconds: 69; status: Ok
url: asd; time in miliseconds: 0; status: Error
url: https://almapatika.hu/akcios-termekek; time in miliseconds: 224; status: Ok
url: https://www.hazipatika.com/taplalkozas/zoldseg_gyumolcs/cikkek/az_alma_jotekony_hatasai; time in miliseconds: 256; status: Ok
url: asd; time in miliseconds: 0; status: Error
url: https://almapatika.hu/akcios-termekek; time in miliseconds: 265; status: Ok
url: https://www.hazipatika.com/taplalkozas/zoldseg_gyumolcs/cikkek/az_alma_jotekony_hatasai; time in miliseconds: 68; status: Ok
url: asd; time in miliseconds: 0; status: Error
url: https://almapatika.hu/akcios-termekek; time in miliseconds: 248; status: Ok
url: https://www.hazipatika.com/taplalkozas/zoldseg_gyumolcs/cikkek/az_alma_jotekony_hatasai; time in miliseconds: 268; status: Ok
url: asd; time in miliseconds: 0; status: Error
url: https://almapatika.hu/akcios-termekek; time in miliseconds: 292; status: Ok
url: https://www.hazipatika.com/taplalkozas/zoldseg_gyumolcs/cikkek/az_alma_jotekony_hatasai; time in miliseconds: 86; status: Ok
url: asd; time in miliseconds: 0; status: Error
